,class_code,description,level,level_2,level_3,level_4
3,A01B,Soil working in agriculture or forestry,5,Human necessities,Agriculture,Agriculture
4,A01C,Planting,5,Human necessities,Agriculture,Agriculture
5,A01D,Harvesting,5,Human necessities,Agriculture,Agriculture
6,A01F,Processing of harvested produce,5,Human necessities,Agriculture,Agriculture
7,A01G,Horticulture,5,Human necessities,Agriculture,Agriculture
8,A01H,New plants or processes for obtaining them,5,Human necessities,Agriculture,Agriculture
9,A01J,Manufacture of dairy products ,5,Human necessities,Agriculture,Agriculture
10,A01K,Animal husbandry,5,Human necessities,Agriculture,Agriculture
11,A01L,Shoeing of animals ,5,Human necessities,Agriculture,Agriculture
12,A01M,Catching or trapping of animals ,5,Human necessities,Agriculture,Agriculture
13,A01N,Preservation of bodies of humans or animals or plants or parts thereof,5,Human necessities,Agriculture,Agriculture
16,A21B,Machines or equipment for baking ,5,Human necessities,Foodstuffs,Baking
17,A21C,Machines or equipment for making or processing doughs,5,Human necessities,Foodstuffs,Baking
18,A21D,"Treatment, e.g. preservation, of flour or dough, e.g. by addition of materials",5,Human necessities,Foodstuffs,Baking
20,A22B,Slaughtering,5,Human necessities,Foodstuffs,Butchering
21,A22C,"Processing meat, poultry, or fish ",5,Human necessities,Foodstuffs,Butchering
23,A23B,"Preserving, e.g. by canning, meat, fish, eggs, fruit, vegetables, edible seeds",5,Human necessities,Foodstuffs,Foods or foodstuffs
24,A23C,"Dairy products, e.g. milk, butter, cheese",5,Human necessities,Foodstuffs,Foods or foodstuffs
25,A23D,"Edible oils of fats, e.g. margarines, shortenings, cooking oils ",5,Human necessities,Foodstuffs,Foods or foodstuffs
26,A23F,Coffee,5,Human necessities,Foodstuffs,Foods or foodstuffs
27,A23G,Cocoa,5,Human necessities,Foodstuffs,Foods or foodstuffs
28,A23J,Protein compositions for foodstuffs,5,Human necessities,Foodstuffs,Foods or foodstuffs
29,A23K,Fodder,5,Human necessities,Foodstuffs,Foods or foodstuffs
30,A23L,"Foods, foodstuffs, or non-alcoholic beverages, not covered by subclasses ",5,Human necessities,Foodstuffs,Foods or foodstuffs
31,A23N,"Machines or apparatus for treating harvested fruit, vegetables or flower bulbs in bulk, not otherwise provided for",5,Human necessities,Foodstuffs,Foods or foodstuffs
32,A23P,"Shaping or working of foodstuffs, not fully covered by a single other subclass ",5,Human necessities,Foodstuffs,Foods or foodstuffs
33,A23V,"Indexing scheme relating to foods, foodstuffs or non-alcoholic beverages",5,Human necessities,Foodstuffs,Foods or foodstuffs
34,A23Y,Indexing scheme relating to lactic or propionic acid bacteria used in foodstuffs or food preparation,5,Human necessities,Foodstuffs,Foods or foodstuffs
36,A24B,Manufacture or preparation of tobacco for smoking or chewing,5,Human necessities,Foodstuffs,Tobacco
37,A24C,Machines for making cigars or cigarettes,5,Human necessities,Foodstuffs,Tobacco
38,A24D,Cigars,5,Human necessities,Foodstuffs,Tobacco
39,A24F,Match boxes ,5,Human necessities,Foodstuffs,Tobacco
42,A41B,Shirts,5,Human necessities,Personal or domestic articles,Wearing apparel
43,A41C,Corsets,5,Human necessities,Personal or domestic articles,Wearing apparel
44,A41D,Outerwear,5,Human necessities,Personal or domestic articles,Wearing apparel
45,A41F,Garment fastenings,5,Human necessities,Personal or domestic articles,Wearing apparel
46,A41G,Artificial flowers,5,Human necessities,Personal or domestic articles,Wearing apparel
47,A41H,"Appliances or methods for making clothes, e.g. for dress-making, for tailoring, not otherwise provided for ",5,Human necessities,Personal or domestic articles,Wearing apparel
49,A42B,Hats,5,Human necessities,Personal or domestic articles,Headwear
50,A42C,Manufacturing or trimming hats or other head coverings,5,Human necessities,Personal or domestic articles,Headwear
52,A43B,Characteristic features of footwear,5,Human necessities,Personal or domestic articles,Footwear
53,A43C,Fastenings or attachments of footwear,5,Human necessities,Personal or domestic articles,Footwear
54,A43D,"Machines, tools, equipment or methods for manufacturing or repairing footwear",5,Human necessities,Personal or domestic articles,Footwear
56,A44B,"Buttons, pins, buckles, slide fasteners, or the like ",5,Human necessities,Personal or domestic articles,Haberdashery
57,A44C,Jewellery,5,Human necessities,Personal or domestic articles,Haberdashery
58,A44D,"Indexing scheme relating to buttons, pins, buckles or slide fasteners, and to jewellery, bracelets or other personal adornments",5,Human necessities,Personal or domestic articles,Haberdashery
60,A45B,Walking sticks,5,Human necessities,Personal or domestic articles,Hand or travelling articles
61,A45C,Purses,5,Human necessities,Personal or domestic articles,Hand or travelling articles
62,A45D,Hairdressing or shaving equipment,5,Human necessities,Personal or domestic articles,Hand or travelling articles
63,A45F,Travelling or camp equipment,5,Human necessities,Personal or domestic articles,Hand or travelling articles
65,A46B,Brushes ,5,Human necessities,Personal or domestic articles,Brushware
66,A46D,Manufacture of brushes,5,Human necessities,Personal or domestic articles,Brushware
68,A47B,Tables,5,Human necessities,Personal or domestic articles,Furniture 
69,A47C,Chairs ,5,Human necessities,Personal or domestic articles,Furniture 
70,A47D,Furniture specially adapted for children ,5,Human necessities,Personal or domestic articles,Furniture 
71,A47F,"Special furniture, fittings, or accessories for shops, storehouses, bars, restaurants or the like",5,Human necessities,Personal or domestic articles,Furniture 
72,A47G,Household or table equipment ,5,Human necessities,Personal or domestic articles,Furniture 
73,A47H,Furnishings for windows or doors ,5,Human necessities,Personal or domestic articles,Furniture 
74,A47J,Kitchen equipment ,5,Human necessities,Personal or domestic articles,Furniture 
75,A47K,Sanitary equipment not otherwise provided for ,5,Human necessities,Personal or domestic articles,Furniture 
76,A47L,Domestic washing or cleaning ,5,Human necessities,Personal or domestic articles,Furniture 
79,A61B,Diagnosis,5,Human necessities,Health,Medical or veterinary science
80,A61C,Dentistry,5,Human necessities,Health,Medical or veterinary science
81,A61D,"Veterinary instruments, implements, tools, or methods",5,Human necessities,Health,Medical or veterinary science
82,A61F,Filters implantable into blood vessels,5,Human necessities,Health,Medical or veterinary science
83,A61G,Transport or accomodation for patients,5,Human necessities,Health,Medical or veterinary science
84,A61H,"Physical therapy apparatus, e.g. devices for locating or stimulating reflex points in the body",5,Human necessities,Health,Medical or veterinary science
85,A61J,Containers specially adapted for medical or pharmaceutical purposes,5,Human necessities,Health,Medical or veterinary science
86,A61K,"Preparations for medical, dental, or toilet purposes ",5,Human necessities,Health,Medical or veterinary science
87,A61L,Methods or apparatus for sterilising materials or objects in general,5,Human necessities,Health,Medical or veterinary science
88,A61M,"Devices for introducing media into, or onto, the body ",5,Human necessities,Health,Medical or veterinary science
89,A61N,Electrotherapy,5,Human necessities,Health,Medical or veterinary science
90,A61Q,Specific use of cosmetics or similar toilet preparations,5,Human necessities,Health,Medical or veterinary science
92,A62B,"Devices, apparatus or methods for life-saving ",5,Human necessities,Health,Life-saving
93,A62C,Fire-fighting ,5,Human necessities,Health,Life-saving
94,A62D,Chemical means for extinguishing fires or for combating or protecting against harmful chemical agents,5,Human necessities,Health,Life-saving
96,A63B,"Apparatus for physical training, gymnastics, swimming, climbing, or fencing",5,Human necessities,Health,Sports
97,A63C,Skates,5,Human necessities,Health,Sports
98,A63D,Bowling-alleys,5,Human necessities,Health,Sports
99,A63F,"Card, board, or roulette games",5,Human necessities,Health,Sports
100,A63G,Merry-go-rounds,5,Human necessities,Health,Sports
101,A63H,"Toys, e.g. tops, dolls, hoops, building blocks",5,Human necessities,Health,Sports
102,A63J,"Devices for theatres, circuses, or the like",5,Human necessities,Health,Sports
103,A63K,Racing,5,Human necessities,Health,Sports
107,B01B,Boiling,5,Performing operations; transporting,Separating,Physical or chemical processes or apparatus in general 
108,B01D,Separation ,5,Performing operations; transporting,Separating,Physical or chemical processes or apparatus in general 
109,B01F,"Mixing, e.g. dissolving, emulsifying, dispersing ",5,Performing operations; transporting,Separating,Physical or chemical processes or apparatus in general 
110,B01J,"Chemical or physical processes, e.g. catalysis, colloid chemistry",5,Performing operations; transporting,Separating,Physical or chemical processes or apparatus in general 
111,B01L,Chemical or physical laboratory apparatus for general use ,5,Performing operations; transporting,Separating,Physical or chemical processes or apparatus in general 
113,B02B,Preparing grain for milling,5,Performing operations; transporting,Separating,"Crushing, pulverising, or disintegrating"
114,B02C,"Crushing, pulverising, or disintegrating in general",5,Performing operations; transporting,Separating,"Crushing, pulverising, or disintegrating"
116,B03B,Separating solid materials using liquids or using pneumatic tables or jigs ,5,Performing operations; transporting,Separating,Separation of solid materials using liquids or using pneumatic tables or jigs
117,B03C,Magnetic or electrostatic separation of solid materials from solid materials or fluids,5,Performing operations; transporting,Separating,Separation of solid materials using liquids or using pneumatic tables or jigs
118,B03D,Flotation,5,Performing operations; transporting,Separating,Separation of solid materials using liquids or using pneumatic tables or jigs
120,B04B,Centrifuges ,5,Performing operations; transporting,Separating,Centrifugal apparatus or machines for carrying-out physical or chemical processes 
121,B04C,"Apparatus using free vortex flow, e.g. cyclones ",5,Performing operations; transporting,Separating,Centrifugal apparatus or machines for carrying-out physical or chemical processes 
123,B05B,Spraying apparatus,5,Performing operations; transporting,Separating,Spraying or atomising in general
124,B05C,"Apparatus for applying liquids or other fluent materials to surfaces, in general ",5,Performing operations; transporting,Separating,Spraying or atomising in general
125,B05D,"Processes for applying liquids or other fluent materials to surfaces, in general ",5,Performing operations; transporting,Separating,Spraying or atomising in general
127,B06B,"Methods or apparatus for generating or transmitting mechanical vibrations of infrasonic, sonic, or ultrasonic frequency, ",5,Performing operations; transporting,Separating,Generating or transmitting mechanical vibrations in general
129,B07B,"Seperating solids from solids by sieving, screening, or sifting or by using gas currents",5,Performing operations; transporting,Separating,Separating solids from solids
130,B07C,Postal sorting,5,Performing operations; transporting,Separating,Separating solids from solids
132,B08B,Cleaning in general,5,Performing operations; transporting,Separating,Cleaning
134,B09B,Disposal of solid waste,5,Performing operations; transporting,Separating,Disposal of solid waste
135,B09C,Reclamation of contaminated soil ,5,Performing operations; transporting,Separating,Disposal of solid waste
138,B21B,Rolling of metal ,5,Performing operations; transporting,Shaping,Mechanical metal-working without essentially removing material
139,B21C,"Manufacture of metal sheets, wire, rods, tubes or profiles, otherwise than by rolling",5,Performing operations; transporting,Shaping,Mechanical metal-working without essentially removing material
140,B21D,"Working or processing of sheet metal or metal tubes, rods or profiles without essentially removing material",5,Performing operations; transporting,Shaping,Mechanical metal-working without essentially removing material
141,B21F,Working and processing of wire ,5,Performing operations; transporting,Shaping,Mechanical metal-working without essentially removing material
142,B21G,"Making needles, pins or nails",5,Performing operations; transporting,Shaping,Mechanical metal-working without essentially removing material
143,B21H,"Making particular metal objects by rolling, e.g. screws, wheels, rings, barrels, balls ",5,Performing operations; transporting,Shaping,Mechanical metal-working without essentially removing material
144,B21J,Forging,5,Performing operations; transporting,Shaping,Mechanical metal-working without essentially removing material
145,B21K,"Making forged or pressed products, e.g. horse-shoes, rivets, bolts, wheels ",5,Performing operations; transporting,Shaping,Mechanical metal-working without essentially removing material
146,B21L,Making chains ,5,Performing operations; transporting,Shaping,Mechanical metal-working without essentially removing material
148,B22C,Foundry moulding ,5,Performing operations; transporting,Shaping,Casting
149,B22D,Casting of metals,5,Performing operations; transporting,Shaping,Casting
150,B22F,Working metallic powder,5,Performing operations; transporting,Shaping,Casting
152,B23B,Turning,5,Performing operations; transporting,Shaping,Machine tools
153,B23C,Milling ,5,Performing operations; transporting,Shaping,Machine tools
154,B23D,Planing,5,Performing operations; transporting,Shaping,Machine tools
155,B23F,Making gears or toothed racks ,5,Performing operations; transporting,Shaping,Machine tools
156,B23G,Thread cutting,5,Performing operations; transporting,Shaping,Machine tools
157,B23H,Working of metal by the action of a high concentration of electric current on a workpiece using an electrode which takes the place of a tool,5,Performing operations; transporting,Shaping,Machine tools
158,B23K,Soldering or unsoldering,5,Performing operations; transporting,Shaping,Machine tools
159,B23P,Other working of metal,5,Performing operations; transporting,Shaping,Machine tools
160,B23Q,"Details, components, or accessories for machine tools, e.g. arrangements for copying or controlling ",5,Performing operations; transporting,Shaping,Machine tools
162,B24B,"Machines, devices, or processes for grinding or polishing ",5,Performing operations; transporting,Shaping,Grinding
163,B24C,Abrasive or related blasting with particulate material,5,Performing operations; transporting,Shaping,Grinding
164,B24D,"Tools for grinding, buffing, or sharpening ",5,Performing operations; transporting,Shaping,Grinding
166,B25B,"Tools or bench devices not otherwise provided for, for fastening, connecting, disengaging or holding",5,Performing operations; transporting,Shaping,Hand tools
167,B25C,Hand-held nailing or stapling tools,5,Performing operations; transporting,Shaping,Hand tools
168,B25D,Percussive tools ,5,Performing operations; transporting,Shaping,Hand tools
169,B25F,Combination or multi-purpose tools not otherwise provided for,5,Performing operations; transporting,Shaping,Hand tools
170,B25G,Handles for hand implements ,5,Performing operations; transporting,Shaping,Hand tools
171,B25H,"Workshop equipment, e.g. for marking-out work",5,Performing operations; transporting,Shaping,Hand tools
172,B25J,Manipulators,5,Performing operations; transporting,Shaping,Hand tools
174,B26B,Hand-held cutting tools not otherwise provided for ,5,Performing operations; transporting,Shaping,Hand cutting tools
175,B26D,Cutting,5,Performing operations; transporting,Shaping,Hand cutting tools
176,B26F,Perforating,5,Performing operations; transporting,Shaping,Hand cutting tools
178,B27B,Saws,5,Performing operations; transporting,Shaping,Working or preserving wood or similar material
179,B27C,"Planing, drilling, milling, turning, or universal machines ",5,Performing operations; transporting,Shaping,Working or preserving wood or similar material
180,B27D,Working veneer or plywood ,5,Performing operations; transporting,Shaping,Working or preserving wood or similar material
181,B27F,Dovetailed work,5,Performing operations; transporting,Shaping,Working or preserving wood or similar material
182,B27G,Accessory machines or apparatus,5,Performing operations; transporting,Shaping,Working or preserving wood or similar material
183,B27H,Bending,5,Performing operations; transporting,Shaping,Working or preserving wood or similar material
184,B27J,"Mechanical working of cane, cork, or similar materials",5,Performing operations; transporting,Shaping,Working or preserving wood or similar material
185,B27K,"Processes, apparatus or selection of substances for impregnating, staining, dyeing, bleaching of wood or similar materials, or treating of wood or similar materials with permeant liquids, not otherwise provided for ",5,Performing operations; transporting,Shaping,Working or preserving wood or similar material
186,B27L,Removing bark or vestiges of branches ,5,Performing operations; transporting,Shaping,Working or preserving wood or similar material
187,B27M,Working of wood not provided for in subclasses ,5,Performing operations; transporting,Shaping,Working or preserving wood or similar material
188,B27N,"Manufacture by dry processes of articles, with or without organic binding agents, made from particles or fibres consisting of wood or other lignocellulosic or like organic material ",5,Performing operations; transporting,Shaping,Working or preserving wood or similar material
190,B28B,"Shaping clay or other ceramic compositions, slag, or mixtures containing cementitious material, e.g. plaster ",5,Performing operations; transporting,Shaping,"Working cement, clay, or stone"
191,B28C,Preparing clay,5,Performing operations; transporting,Shaping,"Working cement, clay, or stone"
192,B28D,Working stone or stone-like materials,5,Performing operations; transporting,Shaping,"Working cement, clay, or stone"
194,B29B,Preparation or pretreatment of the material to be shaped,5,Performing operations; transporting,Shaping,Working of plastics
195,B29C,Shaping or joining of plastics,5,Performing operations; transporting,Shaping,Working of plastics
196,B29D,Producing particular articles from plastics or from substances in a plastic state ,5,Performing operations; transporting,Shaping,Working of plastics
197,B29K,Indexing scheme associated with subclasses ,5,Performing operations; transporting,Shaping,Working of plastics
198,B29L,Indexing scheme associated with subclass ,5,Performing operations; transporting,Shaping,Working of plastics
200,B30B,Presses in general ,5,Performing operations; transporting,Shaping,Presses
202,B31B,"Making boxes, cartons, envelopes or bags ",5,Performing operations; transporting,Shaping,Making paper articles
203,B31C,"Making wound articles, e.g. wound tubes ",5,Performing operations; transporting,Shaping,Making paper articles
204,B31D,Making other paper articles ,5,Performing operations; transporting,Shaping,Making paper articles
205,B31F,Mechanical working or deformation of paper or cardboard ,5,Performing operations; transporting,Shaping,Making paper articles
207,B32B,"Layered products, i.e. products built-up of strata of flat or non-flat, e.g. cellular or honeycomb, form",5,Performing operations; transporting,Shaping,Layered products
209,B33Y,This subclass ,5,Performing operations; transporting,Shaping,Additive manufacturing technology
212,B41B,"Machines or accessories for making, setting, or distributing type",5,Performing operations; transporting,Printing,Printing
213,B41C,Processes for the manufacture or reproduction of printing surfaces ,5,Performing operations; transporting,Printing,Printing
214,B41D,Apparatus for the mechanical reproduction of printing surfaces for stereotype printing,5,Performing operations; transporting,Printing,Printing
215,B41F,Printing machines or presses ,5,Performing operations; transporting,Printing,Printing
216,B41G,"Apparatus for bronze printing, line printing, or for bordering or edging sheets or like articles",5,Performing operations; transporting,Printing,Printing
217,B41J,Typewriters,5,Performing operations; transporting,Printing,Printing
218,B41K,Stamps,5,Performing operations; transporting,Printing,Printing
219,B41L,"Apparatus or devices for manifolding, duplicating, or printing for office or other commercial purposes",5,Performing operations; transporting,Printing,Printing
220,B41M,"Printing, duplicating, marking, or copying processes",5,Performing operations; transporting,Printing,Printing
221,B41N,Printing plates or foils ,5,Performing operations; transporting,Printing,Printing
222,B41P,"Indexing scheme relating to printing, lining machines, typewriters, and to stamps",5,Performing operations; transporting,Printing,Printing
224,B42B,"Permanently attaching together sheets, quires or signatures or permanently attaching objects thereto ",5,Performing operations; transporting,Printing,Bookbinding
225,B42C,Bookbinding ,5,Performing operations; transporting,Printing,Bookbinding
226,B42D,Books,5,Performing operations; transporting,Printing,Bookbinding
227,B42F,Sheets temporarily attached together,5,Performing operations; transporting,Printing,Bookbinding
228,B42P,"Indexing scheme relating to books, filing appliances or the like",5,Performing operations; transporting,Printing,Bookbinding
230,B43K,Implements for writing or drawing ,5,Performing operations; transporting,Printing,Writing or drawing implements
231,B43L,Articles for writing or drawing upon; ,5,Performing operations; transporting,Printing,Writing or drawing implements
232,B43M,Bureau accessories not otherwise provided for ,5,Performing operations; transporting,Printing,Writing or drawing implements
234,B44B,"Machines, apparatus or tools for artistic work, e.g. for sculpturing, guilloching, carving, branding, inlaying ",5,Performing operations; transporting,Printing,Decorative arts
235,B44C,Producing decorative effects ,5,Performing operations; transporting,Printing,Decorative arts
236,B44D,"Painting or artistic drawing, not otherwise provided for",5,Performing operations; transporting,Printing,Decorative arts
237,B44F,Special designs or pictures,5,Performing operations; transporting,Printing,Decorative arts
240,B60B,Vehicle wheels,5,Performing operations; transporting,Transporting,Vehicles in general
241,B60C,Vehicle tyres ,5,Performing operations; transporting,Transporting,Vehicles in general
242,B60D,Vehicle connections ,5,Performing operations; transporting,Transporting,Vehicles in general
243,B60F,Vehicles for use both on rail and on road,5,Performing operations; transporting,Transporting,Vehicles in general
244,B60G,Vehicle suspension arrangements ,5,Performing operations; transporting,Transporting,Vehicles in general
245,B60H,"Arrangements or adaptations of heating, cooling, ventilating, or other air-treating devices specially for passenger or goods spaces of vehicles",5,Performing operations; transporting,Transporting,Vehicles in general
246,B60J,"Windows, windscreens, non-fixed roofs, doors, or similar devices for vehicles",5,Performing operations; transporting,Transporting,Vehicles in general
247,B60K,Arrangement or mounting of propulsion units or of transmissions in vehicles,5,Performing operations; transporting,Transporting,Vehicles in general
248,B60L,Electric equipment or propulsion of electrically-propelled vehicles,5,Performing operations; transporting,Transporting,Vehicles in general
249,B60M,"Power supply lines, and devices along rails, for electrically- propelled vehicles ",5,Performing operations; transporting,Transporting,Vehicles in general
250,B60N,Vehicle passenger accommodation not otherwise provided for ,5,Performing operations; transporting,Transporting,Vehicles in general
251,B60P,"Vehicles adapted for load transportation or to transport, to carry or to comprise special loads or objects ",5,Performing operations; transporting,Transporting,Vehicles in general
252,B60Q,Vehicle lighting or signalling ,5,Performing operations; transporting,Transporting,Vehicles in general
253,B60R,"Vehicles, vehicle fittings, or vehicle parts, not otherwise provided for",5,Performing operations; transporting,Transporting,Vehicles in general
254,B60S,"Servicing, cleaning, repairing, supporting, lifting, or manoeuvring of vehicles, not otherwise provided for",5,Performing operations; transporting,Transporting,Vehicles in general
255,B60T,Vehicle brake control systems or parts thereof,5,Performing operations; transporting,Transporting,Vehicles in general
256,B60V,Air-cushion vehicles ,5,Performing operations; transporting,Transporting,Vehicles in general
257,B60W,Conjoint control of vehicle sub-units of different type or different function,5,Performing operations; transporting,Transporting,Vehicles in general
258,B60Y,Indexing scheme relating to aspects cross-cutting vehicle technology,5,Performing operations; transporting,Transporting,Vehicles in general
260,B61B,Railway systems,5,Performing operations; transporting,Transporting,Railways
261,B61C,Locomotives,5,Performing operations; transporting,Transporting,Railways
262,B61D,Body details or kinds of railway vehicles ,5,Performing operations; transporting,Transporting,Railways
263,B61F,"Rail vehicle suspensions, e.g. underframes, bogies, arrangements of wheel axles",5,Performing operations; transporting,Transporting,Railways
264,B61G,Couplings,5,Performing operations; transporting,Transporting,Railways
265,B61H,Brakes or other retarding apparatus peculiar to rail vehicles,5,Performing operations; transporting,Transporting,Railways
266,B61J,Shifting or shunting of rail vehicles ,5,Performing operations; transporting,Transporting,Railways
267,B61K,Other auxiliary equipment for railways ,5,Performing operations; transporting,Transporting,Railways
268,B61L,Guiding railway traffic,5,Performing operations; transporting,Transporting,Railways
270,B62B,"Hand-propelled vehicles, e.g. hand carts, perambulators",5,Performing operations; transporting,Transporting,Land vehicles for travelling otherwise than on rails
271,B62C,Vehicles drawn by animals,5,Performing operations; transporting,Transporting,Land vehicles for travelling otherwise than on rails
272,B62D,Motor vehicles,5,Performing operations; transporting,Transporting,Land vehicles for travelling otherwise than on rails
273,B62H,Cycle stands,5,Performing operations; transporting,Transporting,Land vehicles for travelling otherwise than on rails
274,B62J,Cycle saddles or seats,5,Performing operations; transporting,Transporting,Land vehicles for travelling otherwise than on rails
275,B62K,Cycles,5,Performing operations; transporting,Transporting,Land vehicles for travelling otherwise than on rails
276,B62L,Brakes specially adapted for cycles ,5,Performing operations; transporting,Transporting,Land vehicles for travelling otherwise than on rails
277,B62M,Rider propulsion of wheeled vehicles or sledges,5,Performing operations; transporting,Transporting,Land vehicles for travelling otherwise than on rails
279,B63B,Ships or other waterborne vessels,5,Performing operations; transporting,Transporting,Ships or other waterborne vessels
280,B63C,"Launching, hauling-out, or dry-docking of vessels",5,Performing operations; transporting,Transporting,Ships or other waterborne vessels
281,B63G,Offensive or defensive arrangements on vessels,5,Performing operations; transporting,Transporting,Ships or other waterborne vessels
282,B63H,Marine propulsion or steering ,5,Performing operations; transporting,Transporting,Ships or other waterborne vessels
283,B63J,Auxiliaries on vessels,5,Performing operations; transporting,Transporting,Ships or other waterborne vessels
285,B64B,Lighter-than air aircraft,5,Performing operations; transporting,Transporting,Aircraft
286,B64C,Aeroplanes,5,Performing operations; transporting,Transporting,Aircraft
287,B64D,Equipment for fitting in or to aircraft,5,Performing operations; transporting,Transporting,Aircraft
288,B64F,Ground or aircraft-carrier-deck installations,5,Performing operations; transporting,Transporting,Aircraft
289,B64G,Cosmonautics,5,Performing operations; transporting,Transporting,Aircraft
291,B65B,"Machines, apparatus or devices for, or methods of, packaging articles or materials",5,Performing operations; transporting,Transporting,Conveying
292,B65C,"Labelling or tagging machines, apparatus, or processes ",5,Performing operations; transporting,Transporting,Conveying
293,B65D,"Containers for storage or transport of articles or materials, e.g. bags, barrels, bottles, boxes, cans, cartons, crates, drums, jars, tanks, hoppers, forwarding containers",5,Performing operations; transporting,Transporting,Conveying
294,B65F,Gathering or removal of domestic or like refuse ,5,Performing operations; transporting,Transporting,Conveying
295,B65G,"Transport or storage devices, e.g. conveyers for loading or tipping",5,Performing operations; transporting,Transporting,Conveying
296,B65H,"Handling thin or filamentary material, e.g. sheets, webs, cables",5,Performing operations; transporting,Transporting,Conveying
298,B66B,Elevators,5,Performing operations; transporting,Transporting,Hoisting
299,B66C,Cranes,5,Performing operations; transporting,Transporting,Hoisting
300,B66D,Capstans,5,Performing operations; transporting,Transporting,Hoisting
301,B66F,"Hoisting, lifting, hauling or pushing, not otherwise provided for, e.g. devices which apply a lifting or pushing force directly to the surface of a load ",5,Performing operations; transporting,Transporting,Hoisting
303,B67B,"Applying closure members to bottles jars, or similar containers",5,Performing operations; transporting,Transporting,"Opening, closing "
304,B67C,"Cleaning, filling with liquids or semiliquids, or emptying, of bottles, jars, cans, casks, barrels, or similar containers, not otherwise provided for",5,Performing operations; transporting,Transporting,"Opening, closing "
305,B67D,"Dispensing, delivering or transferring liquids, not otherwise provided for ",5,Performing operations; transporting,Transporting,"Opening, closing "
307,B68B,Harness,5,Performing operations; transporting,Transporting,Saddlery
308,B68C,Saddles,5,Performing operations; transporting,Transporting,Saddlery
309,B68F,"Making articles from leather, canvas, or the like",5,Performing operations; transporting,Transporting,Saddlery
310,B68G,"Methods, equipment, or machines for use in upholstering",5,Performing operations; transporting,Transporting,Saddlery
313,B81B,"Micro-structural devices or systems, e.g. micro-mechanical devices ",5,Performing operations; transporting,Micro-structural technology,Micro-structural technology
314,B81C,Processes or apparatus specially adapted for the manufacture or treatment of micro-structural devices or systems ,5,Performing operations; transporting,Micro-structural technology,Micro-structural technology
316,B82B,"Nano-structures formed by manipulation of individual atoms, molecules, or limited collections of atoms or molecules as discrete units",5,Performing operations; transporting,Micro-structural technology,Nano-technology
317,B82Y,Specific uses or applications of nano-structures,5,Performing operations; transporting,Micro-structural technology,Nano-technology
321,C01B,Non-metallic elements,5,Chemistry; metallurgy,Chemistry,Inorganic chemistry 
322,C01C,Ammonia,5,Chemistry; metallurgy,Chemistry,Inorganic chemistry 
323,C01D,"Compounds of alkali metals, i.e. lithium, sodium, potassium, rubidium, caesium, or francium ",5,Chemistry; metallurgy,Chemistry,Inorganic chemistry 
324,C01F,"Compounds of the metals beryllium, magnesium, aluminium, calcium, strontium, barium, radium, thorium, or of the rare-earth metals ",5,Chemistry; metallurgy,Chemistry,Inorganic chemistry 
325,C01G,Compounds containing metals not covered by subclasses ,5,Chemistry; metallurgy,Chemistry,Inorganic chemistry 
326,C01P,Indexing scheme relating to structural and physical aspects of solid inorganic compounds,5,Chemistry; metallurgy,Chemistry,Inorganic chemistry 
328,C02F,"Treatment of water, waste water, sewage, or sludge ",5,Chemistry; metallurgy,Chemistry,"Treatment of water, waste water, sewage, or sludge "
330,C03B,"Manufacture, shaping, or supplementary processes",5,Chemistry; metallurgy,Chemistry,Glass
331,C03C,"Chemical composition of glasses, glazes, or vitreous enamels",5,Chemistry; metallurgy,Chemistry,Glass
333,C04B,"Lime, magnesia",5,Chemistry; metallurgy,Chemistry,Cements
335,C05B,Phosphatic fertilisers,5,Chemistry; metallurgy,Chemistry,Fertilisers
336,C05C,Nitrogenous fertilisers,5,Chemistry; metallurgy,Chemistry,Fertilisers
337,C05D,Inorganic fertilisers not covered by subclasses ,5,Chemistry; metallurgy,Chemistry,Fertilisers
338,C05F,Organic fertilisers not covered by subclasses ,5,Chemistry; metallurgy,Chemistry,Fertilisers
339,C05G,Mixtures of fertilisers covered individually by different subclasses of class ,5,Chemistry; metallurgy,Chemistry,Fertilisers
341,C06B,Explosives or thermic compositions ,5,Chemistry; metallurgy,Chemistry,Explosives
342,C06C,Detonating or priming devices,5,Chemistry; metallurgy,Chemistry,Explosives
343,C06D,Means for generating smoke or mist,5,Chemistry; metallurgy,Chemistry,Explosives
344,C06F,Matches,5,Chemistry; metallurgy,Chemistry,Explosives
346,C07B,General methods of organic chemistry,5,Chemistry; metallurgy,Chemistry,Organic chemistry 
347,C07C,Acyclic or carbocyclic compounds,5,Chemistry; metallurgy,Chemistry,Organic chemistry 
348,C07D,Heterocyclic compounds,5,Chemistry; metallurgy,Chemistry,Organic chemistry 
349,C07F,"Acyclic, carbocyclic or heterocyclic compounds containing elements other than carbon, hydrogen, halogen, oxygen, nitrogen, sulfur, selenium or tellurium ",5,Chemistry; metallurgy,Chemistry,Organic chemistry 
350,C07G,Compounds of unknown constitution,5,Chemistry; metallurgy,Chemistry,Organic chemistry 
351,C07H,Sugars,5,Chemistry; metallurgy,Chemistry,Organic chemistry 
352,C07J,Steroids ,5,Chemistry; metallurgy,Chemistry,Organic chemistry 
353,C07K,Peptides ,5,Chemistry; metallurgy,Chemistry,Organic chemistry 
355,C08B,Polysaccharides,5,Chemistry; metallurgy,Chemistry,Organic macromolecular compounds
356,C08C,Treatment or chemical modification of rubbers,5,Chemistry; metallurgy,Chemistry,Organic macromolecular compounds
357,C08F,Macromolecular compounds obtained by reactions only involving carbon-to-carbon unsaturated bonds,5,Chemistry; metallurgy,Chemistry,Organic macromolecular compounds
358,C08G,Macromolecular compounds obtained otherwise than by reactions only involving unsaturated carbon-to-carbon bonds,5,Chemistry; metallurgy,Chemistry,Organic macromolecular compounds
359,C08H,Derivatives of natural macromolecular compounds ,5,Chemistry; metallurgy,Chemistry,Organic macromolecular compounds
360,C08J,Working-up,5,Chemistry; metallurgy,Chemistry,Organic macromolecular compounds
361,C08K,Use of inorganic or non-macromolecular organic substances as compounding ingredients ,5,Chemistry; metallurgy,Chemistry,Organic macromolecular compounds
362,C08L,Compositions of macromolecular compounds ,5,Chemistry; metallurgy,Chemistry,Organic macromolecular compounds
364,C09B,Organic dyes or closely-related compounds for producing dyes,5,Chemistry; metallurgy,Chemistry,Dyes
365,C09C,"Treatment of inorganic materials, other than fibrous fillers, to enhance their pigmenting or filling properties ",5,Chemistry; metallurgy,Chemistry,Dyes
366,C09D,"Coating compositions, e.g. paints, varnishes or lacquers",5,Chemistry; metallurgy,Chemistry,Dyes
367,C09F,Natural resins,5,Chemistry; metallurgy,Chemistry,Dyes
368,C09G,Polishing compositions other than french polish,5,Chemistry; metallurgy,Chemistry,Dyes
369,C09H,Preparation of glue or gelatine,5,Chemistry; metallurgy,Chemistry,Dyes
370,C09J,Adhesives,5,Chemistry; metallurgy,Chemistry,Dyes
371,C09K,"Materials for miscellaneous applications, not provided for elsewhere",5,Chemistry; metallurgy,Chemistry,Dyes
373,C10B,"Destructive distillation of carbonageous materials for production of gas, coke, tar, or similar materials ",5,Chemistry; metallurgy,Chemistry,"Petroleum, gas or coke industries"
374,C10C,"Working-up pitch, asphalt, bitumen, tar",5,Chemistry; metallurgy,Chemistry,"Petroleum, gas or coke industries"
375,C10F,Drying or working-up of peat,5,Chemistry; metallurgy,Chemistry,"Petroleum, gas or coke industries"
376,C10G,Cracking hydrocarbon oils,5,Chemistry; metallurgy,Chemistry,"Petroleum, gas or coke industries"
377,C10H,Production of acetylene by wet methods ,5,Chemistry; metallurgy,Chemistry,"Petroleum, gas or coke industries"
378,C10J,"Production of producer gas, water-gas, synthesis gas from solid carbonaceous material, or mixtures containing these gases ",5,Chemistry; metallurgy,Chemistry,"Petroleum, gas or coke industries"
379,C10K,Purifying or modifying the chemical composition of combustible gases containing carbon monoxide,5,Chemistry; metallurgy,Chemistry,"Petroleum, gas or coke industries"
380,C10L,Fuels not otherwise provided for ,5,Chemistry; metallurgy,Chemistry,"Petroleum, gas or coke industries"
381,C10M,Lubricating compositions ,5,Chemistry; metallurgy,Chemistry,"Petroleum, gas or coke industries"
382,C10N,Indexing scheme associated with subclass ,5,Chemistry; metallurgy,Chemistry,"Petroleum, gas or coke industries"
384,C11B,Essential oils,5,Chemistry; metallurgy,Chemistry,"Animal and vegetable oils, fats, fatty substances and waxes"
385,C11C,"Fatty acids from fats, oils or waxes",5,Chemistry; metallurgy,Chemistry,"Animal and vegetable oils, fats, fatty substances and waxes"
386,C11D,Detergent compositions ,5,Chemistry; metallurgy,Chemistry,"Animal and vegetable oils, fats, fatty substances and waxes"
388,C12C,Brewing of beer ,5,Chemistry; metallurgy,Chemistry,Biochemistry
389,C12F,Distillation or rectification of fermented solutions,5,Chemistry; metallurgy,Chemistry,Biochemistry
390,C12G,Wine,5,Chemistry; metallurgy,Chemistry,Biochemistry
391,C12H,Pasteurisation,5,Chemistry; metallurgy,Chemistry,Biochemistry
392,C12J,Vinegar,5,Chemistry; metallurgy,Chemistry,Biochemistry
393,C12L,Pitching or depitching machines,5,Chemistry; metallurgy,Chemistry,Biochemistry
394,C12M,Apparatus for enzymology or microbiology,5,Chemistry; metallurgy,Chemistry,Biochemistry
395,C12N,Micro-organisms or enzymes,5,Chemistry; metallurgy,Chemistry,Biochemistry
396,C12P,Fermentation or enzyme-using processes to synthesise a desired chemical compound or composition or to separate optical isomers from a racemic mixture ,5,Chemistry; metallurgy,Chemistry,Biochemistry
397,C12Q,Measuring or testing processes involving enzymes or micro-organisms ,5,Chemistry; metallurgy,Chemistry,Biochemistry
398,C12R,Processes using micro-organisms,5,Chemistry; metallurgy,Chemistry,Biochemistry
399,C12Y,Enzymes,5,Chemistry; metallurgy,Chemistry,Biochemistry
401,C13B,Production of sucrose,5,Chemistry; metallurgy,Chemistry,Sugar industry 
402,C13K,"Saccharides, other than sucrose, obtained from natural sources or by hydrolysis of naturally occurring di-, oligo- or polysaccharides ",5,Chemistry; metallurgy,Chemistry,Sugar industry 
404,C14B,"Mechanical treatment or processing of skins, hides or leather in general",5,Chemistry; metallurgy,Chemistry,Skins
405,C14C,"Chemical treatment of hides, skins or leather, e.g. tanning, impregnating, finishing",5,Chemistry; metallurgy,Chemistry,Skins
408,C21B,Manufacture of iron or steel ,5,Chemistry; metallurgy,Metallurgy,Metallurgy of iron
409,C21C,"Processing of pig-iron, e.g. refining, manufacture of wrought-iron or steel",5,Chemistry; metallurgy,Metallurgy,Metallurgy of iron
410,C21D,Modifying the physical structure of ferrous metals,5,Chemistry; metallurgy,Metallurgy,Metallurgy of iron
412,C22B,Production and refining of metals ,5,Chemistry; metallurgy,Metallurgy,Metallurgy 
413,C22C,Alloys ,5,Chemistry; metallurgy,Metallurgy,Metallurgy 
414,C22F,Changing the physical structure of non-ferrous metals and non-ferrous alloys ,5,Chemistry; metallurgy,Metallurgy,Metallurgy 
416,C23C,Coating metallic material,5,Chemistry; metallurgy,Metallurgy,Coating metallic material
417,C23D,"Enamelling of, or applying a vitreous layer to, metals ",5,Chemistry; metallurgy,Metallurgy,Coating metallic material
418,C23F,Non-mechanical removal of metallic material from surface ,5,Chemistry; metallurgy,Metallurgy,Coating metallic material
419,C23G,Cleaning or degreasing of metallic material by chemical methods other than electrolysis ,5,Chemistry; metallurgy,Metallurgy,Coating metallic material
421,C25B,Electrolytic or electrophoretic processes for the production of compounds or non-metals,5,Chemistry; metallurgy,Metallurgy,Electrolytic or electrophoretic processes
422,C25C,"Processes for the electrolytic production, recovery or refining of metals",5,Chemistry; metallurgy,Metallurgy,Electrolytic or electrophoretic processes
423,C25D,Processes for the electrolytic or electrophoretic production of coatings,5,Chemistry; metallurgy,Metallurgy,Electrolytic or electrophoretic processes
424,C25F,Processes for the electrolytic removal of materials from objects,5,Chemistry; metallurgy,Metallurgy,Electrolytic or electrophoretic processes
426,C30B,Single-crystal-growth ,5,Chemistry; metallurgy,Metallurgy,Crystal growth 
428,C40B,Combinatorial chemistry,5,Chemistry; metallurgy,Metallurgy,Combinatorial chemistry
432,D01B,"Mechanical treatment of natural fibrous or filamentary material to obtain fibres of filaments, e.g. for spinning ",5,Textiles; paper,Textiles or flexible materials not otherwise provided for,Natural or artificial threads or fibres
433,D01C,Chemical treatment of natural filamentary or fibrous material to obtain filaments or fibres for spinning,5,Textiles; paper,Textiles or flexible materials not otherwise provided for,Natural or artificial threads or fibres
434,D01D,"Mechanical methods or apparatus in the manufacture of artificial filaments, threads, fibres, bristles or ribbons",5,Textiles; paper,Textiles or flexible materials not otherwise provided for,Natural or artificial threads or fibres
435,D01F,"Chemical features in the manufacture of artificial filaments, threads, fibres, bristles or ribbons",5,Textiles; paper,Textiles or flexible materials not otherwise provided for,Natural or artificial threads or fibres
436,D01G,"Preliminary treatment of fibres, e.g. for spinning ",5,Textiles; paper,Textiles or flexible materials not otherwise provided for,Natural or artificial threads or fibres
437,D01H,Spinning or twisting ,5,Textiles; paper,Textiles or flexible materials not otherwise provided for,Natural or artificial threads or fibres
439,D02G,"Crimping or curling fibres, filaments, threads, or yarns",5,Textiles; paper,Textiles or flexible materials not otherwise provided for,Yarns
440,D02H,"Warping, beaming or leasing",5,Textiles; paper,Textiles or flexible materials not otherwise provided for,Yarns
441,D02J,"Finishing or dressing of filaments, yarns, threads, cords, ropes or the like ",5,Textiles; paper,Textiles or flexible materials not otherwise provided for,Yarns
443,D03C,Shedding mechanisms,5,Textiles; paper,Textiles or flexible materials not otherwise provided for,Weaving
444,D03D,Woven fabrics,5,Textiles; paper,Textiles or flexible materials not otherwise provided for,Weaving
445,D03J,Auxiliary weaving apparatus,5,Textiles; paper,Textiles or flexible materials not otherwise provided for,Weaving
447,D04B,Knitting,5,Textiles; paper,Textiles or flexible materials not otherwise provided for,Braiding
448,D04C,"Braiding or manufacture of lace, including bobbin-net or carbonised lace",5,Textiles; paper,Textiles or flexible materials not otherwise provided for,Braiding
449,D04D,Trimmings,5,Textiles; paper,Textiles or flexible materials not otherwise provided for,Braiding
450,D04G,Making nets by knotting of filamentary material,5,Textiles; paper,Textiles or flexible materials not otherwise provided for,Braiding
451,D04H,"Making textile fabrics, e.g. from fibres or filamentary material ",5,Textiles; paper,Textiles or flexible materials not otherwise provided for,Braiding
453,D05B,Sewing ,5,Textiles; paper,Textiles or flexible materials not otherwise provided for,Sewing
454,D05C,Embroidering,5,Textiles; paper,Textiles or flexible materials not otherwise provided for,Sewing
455,D05D,Indexing scheme associated with subclasses ,5,Textiles; paper,Textiles or flexible materials not otherwise provided for,Sewing
457,D06B,"Treating textile materials by liquids, gases or vapours ",5,Textiles; paper,Textiles or flexible materials not otherwise provided for,Treatment of textiles or the like
458,D06C,"Finishing, dressing, tentering or stretching textile fabrics ",5,Textiles; paper,Textiles or flexible materials not otherwise provided for,Treatment of textiles or the like
459,D06F,"Laundering, drying, ironing, pressing or folding textile articles ",5,Textiles; paper,Textiles or flexible materials not otherwise provided for,Treatment of textiles or the like
460,D06G,"Mechanical or pressure cleaning of carpets, rugs, sacks, hides or other skin or textile articles or fabrics",5,Textiles; paper,Textiles or flexible materials not otherwise provided for,Treatment of textiles or the like
461,D06H,"Marking, inspecting, seaming or severing textile materials ",5,Textiles; paper,Textiles or flexible materials not otherwise provided for,Treatment of textiles or the like
462,D06J,"Pleating, kilting, or goffering textile fabrics or wearing apparel ",5,Textiles; paper,Textiles or flexible materials not otherwise provided for,Treatment of textiles or the like
463,D06L,"Bleaching, e.g. optical bleaching, dry-cleaning, or washing fibres, threads, yarns, fabrics, feathers or made-up fibrous goods",5,Textiles; paper,Textiles or flexible materials not otherwise provided for,Treatment of textiles or the like
464,D06M,"Treatment, not provided for elsewhere in class ",5,Textiles; paper,Textiles or flexible materials not otherwise provided for,Treatment of textiles or the like
465,D06N,"Wall, floor or like covering materials, e.g. linoleum, oilcloth, artificial leather, roofing felt, consisting of a fibrous web coated with a layer of macromolecular material",5,Textiles; paper,Textiles or flexible materials not otherwise provided for,Treatment of textiles or the like
466,D06P,Dyeing or printing textiles,5,Textiles; paper,Textiles or flexible materials not otherwise provided for,Treatment of textiles or the like
467,D06Q,Decorating textiles ,5,Textiles; paper,Textiles or flexible materials not otherwise provided for,Treatment of textiles or the like
469,D07B,Ropes or cables in general ,5,Textiles; paper,Textiles or flexible materials not otherwise provided for,Ropes
471,D10B,"Indexing scheme associated with sublasses of section d, relating to textiles",5,Textiles; paper,Textiles or flexible materials not otherwise provided for,"Indexing scheme associated with sublasses of section d, relating to textiles"
474,D21B,Fibrous raw materials or their mechanical treatment,5,Textiles; paper,Paper,Paper-making
475,D21C,Production of cellulose by removing non-cellulose substances from cellulose-containing materials,5,Textiles; paper,Paper,Paper-making
476,D21D,Treatment of the materials before passing to the paper-making machine,5,Textiles; paper,Paper,Paper-making
477,D21F,Paper-making machines,5,Textiles; paper,Paper,Paper-making
478,D21G,Calenders,5,Textiles; paper,Paper,Paper-making
479,D21H,Pulp compositions,5,Textiles; paper,Paper,Paper-making
480,D21J,Fibreboard,5,Textiles; paper,Paper,Paper-making
484,E01B,Permanent way,5,Fixed constructions,Building,"Construction of roads, railways, or bridges "
485,E01C,"Construction of, or surfaces for, roads, sports grounds, or the like",5,Fixed constructions,Building,"Construction of roads, railways, or bridges "
486,E01D,"Construction of bridges, ",5,Fixed constructions,Building,"Construction of roads, railways, or bridges "
487,E01F,"Additional work, such as equipping roads or the construction of platforms, helicopter landing stages, signs, snow fences, or the like",5,Fixed constructions,Building,"Construction of roads, railways, or bridges "
488,E01H,Street cleaning,5,Fixed constructions,Building,"Construction of roads, railways, or bridges "
490,E02B,Hydraulic engineering ,5,Fixed constructions,Building,Hydraulic engineering
491,E02C,Ship-lifting devices or mechanisms,5,Fixed constructions,Building,Hydraulic engineering
492,E02D,Foundations,5,Fixed constructions,Building,Hydraulic engineering
493,E02F,Dredging,5,Fixed constructions,Building,Hydraulic engineering
495,E03B,"Installations or methods for obtaining, collecting, or distributing water ",5,Fixed constructions,Building,Water supply
496,E03C,Domestic plumbing installations for fresh water or waste water ,5,Fixed constructions,Building,Water supply
497,E03D,Water-closets or urinals with flushing devices,5,Fixed constructions,Building,Water supply
498,E03F,Sewers,5,Fixed constructions,Building,Water supply
500,E04B,General building constructions,5,Fixed constructions,Building,Building 
501,E04C,Structural elements,5,Fixed constructions,Building,Building 
502,E04D,Roof coverings,5,Fixed constructions,Building,Building 
503,E04F,"Finishing work on buildings, e.g. stairs, floors ",5,Fixed constructions,Building,Building 
504,E04G,Scaffolding,5,Fixed constructions,Building,Building 
505,E04H,Buildings or like structures for particular purposes,5,Fixed constructions,Building,Building 
507,E05B,Locks,5,Fixed constructions,Building,Locks
508,E05C,"Bolts or fastening devices for wings, specially for doors or windows ",5,Fixed constructions,Building,Locks
509,E05D,"Hinges or other suspension devices for doors, windows or wings ",5,Fixed constructions,Building,Locks
510,E05F,Devices for moving wings into open or closed position,5,Fixed constructions,Building,Locks
511,E05G,Safes or strong-rooms for valuables,5,Fixed constructions,Building,Locks
512,E05Y,"Indexing scheme relating to hinges or other suspension devices for doors, windows or wings and devices for moving wings into open or closed position, checks for wings and wing fittings not otherwise provided for, concerned with the functioning of the wing",5,Fixed constructions,Building,Locks
514,E06B,"Fixed or movable closures for openings in buildings, vehicles, fences or like enclosures in general, e.g. doors, windows, blinds, gates ",5,Fixed constructions,Building,"Doors, windows, shutters, or roller blinds in general"
515,E06C,Ladders ,5,Fixed constructions,Building,"Doors, windows, shutters, or roller blinds in general"
518,E21B,"Earth drilling, e.g. deep drilling ",5,Fixed constructions,Earth drilling,Earth drilling
519,E21C,Mining or quarrying,5,Fixed constructions,Earth drilling,Earth drilling
520,E21D,Shafts,5,Fixed constructions,Earth drilling,Earth drilling
521,E21F,"Safety devices, transport, filling-up, rescue, ventilation, or draining in or of mines or tunnels",5,Fixed constructions,Earth drilling,Earth drilling
525,F01B,"Machines or engines, in general or of positive-displacement type, e.g. steam engines ",5,Mechanical engineering; lighting; heating; weapons; blasting engines or pumps,Engines or pumps,Machines or engines in general 
526,F01C,Rotary-piston or oscillating-piston machines or engines ,5,Mechanical engineering; lighting; heating; weapons; blasting engines or pumps,Engines or pumps,Machines or engines in general 
527,F01D,"Non-positive displacement machines or engines, e.g. steam turbines ",5,Mechanical engineering; lighting; heating; weapons; blasting engines or pumps,Engines or pumps,Machines or engines in general 
528,F01K,Steam engine plants,5,Mechanical engineering; lighting; heating; weapons; blasting engines or pumps,Engines or pumps,Machines or engines in general 
529,F01L,Cyclically operating valves for machines or engines ,5,Mechanical engineering; lighting; heating; weapons; blasting engines or pumps,Engines or pumps,Machines or engines in general 
530,F01M,Lubricating of machines or engines in general ,5,Mechanical engineering; lighting; heating; weapons; blasting engines or pumps,Engines or pumps,Machines or engines in general 
531,F01N,Gas-flow silencers or exhaust apparatus for machines or engines in general,5,Mechanical engineering; lighting; heating; weapons; blasting engines or pumps,Engines or pumps,Machines or engines in general 
532,F01P,Cooling of machines or engines in general,5,Mechanical engineering; lighting; heating; weapons; blasting engines or pumps,Engines or pumps,Machines or engines in general 
534,F02B,Internal-combustion piston engines,5,Mechanical engineering; lighting; heating; weapons; blasting engines or pumps,Engines or pumps,Combustion engines 
535,F02C,Gas-turbine plants,5,Mechanical engineering; lighting; heating; weapons; blasting engines or pumps,Engines or pumps,Combustion engines 
536,F02D,Controlling combustion engines ,5,Mechanical engineering; lighting; heating; weapons; blasting engines or pumps,Engines or pumps,Combustion engines 
537,F02F,"Cylinders, pistons or casings, for combustion engines",5,Mechanical engineering; lighting; heating; weapons; blasting engines or pumps,Engines or pumps,Combustion engines 
538,F02G,Hot gas or combustion-product positive-displacement engine plants ,5,Mechanical engineering; lighting; heating; weapons; blasting engines or pumps,Engines or pumps,Combustion engines 
539,F02K,Jet-propulsion plants ,5,Mechanical engineering; lighting; heating; weapons; blasting engines or pumps,Engines or pumps,Combustion engines 
540,F02M,"Supplying combustion engines in general, with combustible mixtures or constituents thereof ",5,Mechanical engineering; lighting; heating; weapons; blasting engines or pumps,Engines or pumps,Combustion engines 
541,F02N,Starting of combustion engines ,5,Mechanical engineering; lighting; heating; weapons; blasting engines or pumps,Engines or pumps,Combustion engines 
542,F02P,"Ignition, other than compression ignition, for internal-combustion engines",5,Mechanical engineering; lighting; heating; weapons; blasting engines or pumps,Engines or pumps,Combustion engines 
543,F02W,Indexing scheme relating to turbines,5,Mechanical engineering; lighting; heating; weapons; blasting engines or pumps,Engines or pumps,Combustion engines 
545,F03B,Machines or engines for liquids ,5,Mechanical engineering; lighting; heating; weapons; blasting engines or pumps,Engines or pumps,Machines or engines for liquids 
546,F03C,Positive-displacement engines driven by liquids ,5,Mechanical engineering; lighting; heating; weapons; blasting engines or pumps,Engines or pumps,Machines or engines for liquids 
547,F03D,Wind motors,5,Mechanical engineering; lighting; heating; weapons; blasting engines or pumps,Engines or pumps,Machines or engines for liquids 
548,F03G,"Spring, weight, inertia or like motors",5,Mechanical engineering; lighting; heating; weapons; blasting engines or pumps,Engines or pumps,Machines or engines for liquids 
549,F03H,"Producing a reactive propulsive thrust, not otherwise provided for ",5,Mechanical engineering; lighting; heating; weapons; blasting engines or pumps,Engines or pumps,Machines or engines for liquids 
551,F04B,Positive displacement machines for liquids,5,Mechanical engineering; lighting; heating; weapons; blasting engines or pumps,Engines or pumps,Positive displacement machines for liquids
552,F04C,"Rotary-piston, or oscillating-piston, positive-displacement machines for liquids ",5,Mechanical engineering; lighting; heating; weapons; blasting engines or pumps,Engines or pumps,Positive displacement machines for liquids
553,F04D,Non-positive displacement pumps,5,Mechanical engineering; lighting; heating; weapons; blasting engines or pumps,Engines or pumps,Positive displacement machines for liquids
554,F04F,Pumping of fluid by direct contact of another fluid or by using inertia of fluid to be pumpes ,5,Mechanical engineering; lighting; heating; weapons; blasting engines or pumps,Engines or pumps,Positive displacement machines for liquids
556,F05B,"Indexing scheme relating to machines or engines other than non-positive-displacement machines or engines, to wind motors, to non-positive displacement pumps, and to generating combustion products of high pressure or high velocity",5,Mechanical engineering; lighting; heating; weapons; blasting engines or pumps,Engines or pumps,Indexing schemes relating to engines or pumps in various subclasses of classes 
557,F05C,"Indexing scheme relating to materials, material properties or material characteristics for machines, engines or pumps other than non-positive-displacement machines or engines",5,Mechanical engineering; lighting; heating; weapons; blasting engines or pumps,Engines or pumps,Indexing schemes relating to engines or pumps in various subclasses of classes 
558,F05D,"Indexing scheme for aspects relating to non-positive-displacement machines or engines, gas-turbines or jet-propulsion plants",5,Mechanical engineering; lighting; heating; weapons; blasting engines or pumps,Engines or pumps,Indexing schemes relating to engines or pumps in various subclasses of classes 
561,F15B,Systems acting by means of fluids in general,5,Mechanical engineering; lighting; heating; weapons; blasting engines or pumps,Engineering in general,Fluid-pressure actuators
562,F15C,Fluid-circuit elements predominantly used for computing or control purposes ,5,Mechanical engineering; lighting; heating; weapons; blasting engines or pumps,Engineering in general,Fluid-pressure actuators
563,F15D,"Fluid dynamics, i.e. methods or means for influencing the flow of gases or liquids ",5,Mechanical engineering; lighting; heating; weapons; blasting engines or pumps,Engineering in general,Fluid-pressure actuators
565,F16B,"Devices for fastening or securing constructional elements or machine parts together, e.g. nails, bolts, circlips, clamps, clips, wedges, joints or jointing",5,Mechanical engineering; lighting; heating; weapons; blasting engines or pumps,Engineering in general,Engineering elements and units
566,F16C,Shafts,5,Mechanical engineering; lighting; heating; weapons; blasting engines or pumps,Engineering in general,Engineering elements and units
567,F16D,Couplings for transmitting rotation,5,Mechanical engineering; lighting; heating; weapons; blasting engines or pumps,Engineering in general,Engineering elements and units
568,F16F,Springs,5,Mechanical engineering; lighting; heating; weapons; blasting engines or pumps,Engineering in general,Engineering elements and units
569,F16G,"Belts, cables, or ropes, predominantly used for driving purposes",5,Mechanical engineering; lighting; heating; weapons; blasting engines or pumps,Engineering in general,Engineering elements and units
570,F16H,Gearing,5,Mechanical engineering; lighting; heating; weapons; blasting engines or pumps,Engineering in general,Engineering elements and units
571,F16J,Pistons ,5,Mechanical engineering; lighting; heating; weapons; blasting engines or pumps,Engineering in general,Engineering elements and units
572,F16K,Valves,5,Mechanical engineering; lighting; heating; weapons; blasting engines or pumps,Engineering in general,Engineering elements and units
573,F16L,Pipes,5,Mechanical engineering; lighting; heating; weapons; blasting engines or pumps,Engineering in general,Engineering elements and units
574,F16M,"Frames, casings, or beds of engines or other machines or apparatus not specific to an engine, machine, or apparatus provided for elsewhere",5,Mechanical engineering; lighting; heating; weapons; blasting engines or pumps,Engineering in general,Engineering elements and units
575,F16N,Lubricating,5,Mechanical engineering; lighting; heating; weapons; blasting engines or pumps,Engineering in general,Engineering elements and units
576,F16P,Safety devices in general; ,5,Mechanical engineering; lighting; heating; weapons; blasting engines or pumps,Engineering in general,Engineering elements and units
577,F16S,Constructional elements in general,5,Mechanical engineering; lighting; heating; weapons; blasting engines or pumps,Engineering in general,Engineering elements and units
578,F16T,Steam traps or like apparatus for draining-off liquids from enclosures predominantly containing gases or vapours,5,Mechanical engineering; lighting; heating; weapons; blasting engines or pumps,Engineering in general,Engineering elements and units
580,F17B,Gas-holders of variable capacity ,5,Mechanical engineering; lighting; heating; weapons; blasting engines or pumps,Engineering in general,Storing of distributing gases or liquids 
581,F17C,"Vessels for containing or storing compressed, liquefied or solidified gases",5,Mechanical engineering; lighting; heating; weapons; blasting engines or pumps,Engineering in general,Storing of distributing gases or liquids 
582,F17D,Pipe-line systems,5,Mechanical engineering; lighting; heating; weapons; blasting engines or pumps,Engineering in general,Storing of distributing gases or liquids 
585,F21H,Mantles,5,Mechanical engineering; lighting; heating; weapons; blasting engines or pumps,Lighting,Lighting 
586,F21K,Light sources not otherwise provided for,5,Mechanical engineering; lighting; heating; weapons; blasting engines or pumps,Lighting,Lighting 
587,F21L,"Lighting devices or systems thereof, being portable or specially adapted for transportation",5,Mechanical engineering; lighting; heating; weapons; blasting engines or pumps,Lighting,Lighting 
588,F21S,Non-portable lighting devices or systems thereof ,5,Mechanical engineering; lighting; heating; weapons; blasting engines or pumps,Lighting,Lighting 
589,F21V,"Details of lighting devices, of general application",5,Mechanical engineering; lighting; heating; weapons; blasting engines or pumps,Lighting,Lighting 
590,F21W,Indexing scheme relating to uses or applications of lighting devices or systems,5,Mechanical engineering; lighting; heating; weapons; blasting engines or pumps,Lighting,Lighting 
591,F21Y,Indexing scheme relating to the form of the light sources,5,Mechanical engineering; lighting; heating; weapons; blasting engines or pumps,Lighting,Lighting 
593,F22B,Methods of steam generation,5,Mechanical engineering; lighting; heating; weapons; blasting engines or pumps,Lighting,Steam generation 
594,F22D,"Preheating, or accumulating preheated, feed-water",5,Mechanical engineering; lighting; heating; weapons; blasting engines or pumps,Lighting,Steam generation 
595,F22G,Superheating of steam ,5,Mechanical engineering; lighting; heating; weapons; blasting engines or pumps,Lighting,Steam generation 
597,F23B,Methods or apparatus for combustion using only solid fuel ,5,Mechanical engineering; lighting; heating; weapons; blasting engines or pumps,Lighting,Combustion apparatus
598,F23C,Combustion apparatus using fluent fuel ,5,Mechanical engineering; lighting; heating; weapons; blasting engines or pumps,Lighting,Combustion apparatus
599,F23D,Burners ,5,Mechanical engineering; lighting; heating; weapons; blasting engines or pumps,Lighting,Combustion apparatus
600,F23G,Cremation furnaces,5,Mechanical engineering; lighting; heating; weapons; blasting engines or pumps,Lighting,Combustion apparatus
601,F23H,Grates ,5,Mechanical engineering; lighting; heating; weapons; blasting engines or pumps,Lighting,Combustion apparatus
602,F23J,Removal or treatment of combustion products or combustion residues ,5,Mechanical engineering; lighting; heating; weapons; blasting engines or pumps,Lighting,Combustion apparatus
603,F23K,Feeding fuel to combustion apparatus ,5,Mechanical engineering; lighting; heating; weapons; blasting engines or pumps,Lighting,Combustion apparatus
604,F23L,Air supply,5,Mechanical engineering; lighting; heating; weapons; blasting engines or pumps,Lighting,Combustion apparatus
605,F23M,"Casings, linings, walls or doors specially adapted for combustion chambers, e.g. firebridges",5,Mechanical engineering; lighting; heating; weapons; blasting engines or pumps,Lighting,Combustion apparatus
606,F23N,Regulating or controlling combustion ,5,Mechanical engineering; lighting; heating; weapons; blasting engines or pumps,Lighting,Combustion apparatus
607,F23Q,Ignition ,5,Mechanical engineering; lighting; heating; weapons; blasting engines or pumps,Lighting,Combustion apparatus
608,F23R,"Generating combustion products of high pressure or high velocity, e.g. gas-turbine combustion chambers ",5,Mechanical engineering; lighting; heating; weapons; blasting engines or pumps,Lighting,Combustion apparatus
610,F24B,Domestic stoves or ranges for solid fuels,5,Mechanical engineering; lighting; heating; weapons; blasting engines or pumps,Lighting,Heating
611,F24C,Other domestic stoves or ranges,5,Mechanical engineering; lighting; heating; weapons; blasting engines or pumps,Lighting,Heating
612,F24D,"Domestic- or space-heating systems, e.g. central heating systems",5,Mechanical engineering; lighting; heating; weapons; blasting engines or pumps,Lighting,Heating
613,F24F,"Air-conditioning, air-humidification, ventilation, use of air currents for screening ",5,Mechanical engineering; lighting; heating; weapons; blasting engines or pumps,Lighting,Heating
614,F24H,"Fluid heaters, e.g. water or air heaters, having heat generating means, in general ",5,Mechanical engineering; lighting; heating; weapons; blasting engines or pumps,Lighting,Heating
615,F24J,Producing or use of heat not otherwise provided for ,5,Mechanical engineering; lighting; heating; weapons; blasting engines or pumps,Lighting,Heating
617,F25B,"Refrigeration machines, plants or systems",5,Mechanical engineering; lighting; heating; weapons; blasting engines or pumps,Lighting,Refrigeration or cooling
618,F25C,"Production, working, storing or distribution of ice ",5,Mechanical engineering; lighting; heating; weapons; blasting engines or pumps,Lighting,Refrigeration or cooling
619,F25D,Refrigerators,5,Mechanical engineering; lighting; heating; weapons; blasting engines or pumps,Lighting,Refrigeration or cooling
620,F25J,"Liquefaction, solidification or separation of gases or gaseous ",5,Mechanical engineering; lighting; heating; weapons; blasting engines or pumps,Lighting,Refrigeration or cooling
622,F26B,Drying solid materials or objects by removing liquid therefrom ,5,Mechanical engineering; lighting; heating; weapons; blasting engines or pumps,Lighting,Drying
624,F27B,"Furnaces, kilns, ovens, or retorts in general",5,Mechanical engineering; lighting; heating; weapons; blasting engines or pumps,Lighting,Furnaces
625,F27D,"Details or accessories of furnaces, kilns, ovens, or retorts, in so far as they are of kinds occurring in more than one kind of furnace ",5,Mechanical engineering; lighting; heating; weapons; blasting engines or pumps,Lighting,Furnaces
626,F27M,"Indexing scheme relating to aspects of the charges or furnaces, kilns, ovens or retorts",5,Mechanical engineering; lighting; heating; weapons; blasting engines or pumps,Lighting,Furnaces
628,F28B,Steam or vapour condensers ,5,Mechanical engineering; lighting; heating; weapons; blasting engines or pumps,Lighting,Heat exchange in general
629,F28C,"Heat-exchange apparatus, not provided for in another subclass, in which the heat-exchange media come into direct contact without chemical interaction ",5,Mechanical engineering; lighting; heating; weapons; blasting engines or pumps,Lighting,Heat exchange in general
630,F28D,"Heat-exchange apparatus, not provided for in another subclass, in which the heat-exchange media do not come into direct contact ",5,Mechanical engineering; lighting; heating; weapons; blasting engines or pumps,Lighting,Heat exchange in general
631,F28F,"Details of heat-exchange and heat-transfer apparatus, of general application ",5,Mechanical engineering; lighting; heating; weapons; blasting engines or pumps,Lighting,Heat exchange in general
632,F28G,"Cleaning of internal or external surfaces of heat-exchange or heat-transfer conduits, e.g. water tubes or boilers ",5,Mechanical engineering; lighting; heating; weapons; blasting engines or pumps,Lighting,Heat exchange in general
635,F41A,"Functional features or details common to both smallarms and ordnance, e.g. cannons",5,Mechanical engineering; lighting; heating; weapons; blasting engines or pumps,Weapons,Weapons
636,F41B,Weapons for projecting missiles without use of explosive or combustible propellant charge,5,Mechanical engineering; lighting; heating; weapons; blasting engines or pumps,Weapons,Weapons
637,F41C,"Smallarms, e.g. pistols, rifles ",5,Mechanical engineering; lighting; heating; weapons; blasting engines or pumps,Weapons,Weapons
638,F41F,"Apparatus for launching projectiles or missiles from barrels, e.g. cannons ",5,Mechanical engineering; lighting; heating; weapons; blasting engines or pumps,Weapons,Weapons
639,F41G,Weapon sights,5,Mechanical engineering; lighting; heating; weapons; blasting engines or pumps,Weapons,Weapons
640,F41H,Armour,5,Mechanical engineering; lighting; heating; weapons; blasting engines or pumps,Weapons,Weapons
641,F41J,Targets,5,Mechanical engineering; lighting; heating; weapons; blasting engines or pumps,Weapons,Weapons
643,F42B,"Explosive charges, e.g. for blasting, fireworks, ammunition ",5,Mechanical engineering; lighting; heating; weapons; blasting engines or pumps,Weapons,Ammunition
644,F42C,Ammunition fuzes ,5,Mechanical engineering; lighting; heating; weapons; blasting engines or pumps,Weapons,Ammunition
645,F42D,Blasting ,5,Mechanical engineering; lighting; heating; weapons; blasting engines or pumps,Weapons,Ammunition
649,G01B,"Measuring length, thickness or similar linear dimensions",5,Physics,Instruments,Measuring 
650,G01C,"Measuring distances, levels or bearings",5,Physics,Instruments,Measuring 
651,G01D,Measuring not specially adapted for a specific variable,5,Physics,Instruments,Measuring 
652,G01F,"Measuring volume, volume flow, mass flow or liquid level",5,Physics,Instruments,Measuring 
653,G01G,Weighing ,5,Physics,Instruments,Measuring 
654,G01H,"Measurement of mechanical vibrations or ultrasonic, sonic or infrasonic waves ",5,Physics,Instruments,Measuring 
655,G01J,"Measurement of intensity, velocity, spectral content, polarisation, phase or pulse characteristics of infra-red, visible or ultra-violet light",5,Physics,Instruments,Measuring 
656,G01K,Measuring temperature,5,Physics,Instruments,Measuring 
657,G01L,"Measuring force, stress, torque, work, mechanical power, mechanical efficiency, or fluid pressure ",5,Physics,Instruments,Measuring 
658,G01M,Testing static or dynamic balance of machines or structures,5,Physics,Instruments,Measuring 
659,G01N,Investigating or analysing materials by determining their chemical or physical properties ,5,Physics,Instruments,Measuring 
660,G01P,"Measuring linear or angular speed, acceleration, deceleration, or shock",5,Physics,Instruments,Measuring 
661,G01Q,Scanning-probe techniques or apparatus,5,Physics,Instruments,Measuring 
662,G01R,Measuring electric variables,5,Physics,Instruments,Measuring 
663,G01S,Radio direction-finding,5,Physics,Instruments,Measuring 
664,G01T,Measurement of nuclear or x-radiation ,5,Physics,Instruments,Measuring 
665,G01V,Geophysics,5,Physics,Instruments,Measuring 
666,G01W,Meteorology ,5,Physics,Instruments,Measuring 
668,G02B,"Optical elements, systems, or apparatus ",5,Physics,Instruments,Optics 
669,G02C,Spectacles,5,Physics,Instruments,Optics 
670,G02F,"Devices or arrangements, the optical operation of which is modified by changing the optical properties of the medium of the devices or arrangements for the control of the intensity, colour, phase, polarisation or direction of light, e.g. switching, gating, modulating or demodulating",5,Physics,Instruments,Optics 
672,G03B,Apparatus or arrangements for taking photographs or for projecting or viewing them,5,Physics,Instruments,Photography
673,G03C,Photosensitive materials for photographic purposes ,5,Physics,Instruments,Photography
674,G03D,Apparatus for processing exposed photographic materials ,5,Physics,Instruments,Photography
675,G03F,"Photomechanical production of textured or patterned surfaces, e.g. for printing, for processing of semiconductor devices",5,Physics,Instruments,Photography
676,G03G,Electrography,5,Physics,Instruments,Photography
677,G03H,Holographic processes or apparatus ,5,Physics,Instruments,Photography
679,G04B,Mechanically-driven clocks or watches,5,Physics,Instruments,Horology
680,G04C,Electromechanical clocks or watches ,5,Physics,Instruments,Horology
681,G04D,Apparatus or tools specially designed for making or maintaining clocks or watches ,5,Physics,Instruments,Horology
682,G04F,Time-interval measuring ,5,Physics,Instruments,Horology
683,G04G,Electronic time-pieces,5,Physics,Instruments,Horology
684,G04R,Radio-controlled time-pieces,5,Physics,Instruments,Horology
686,G05B,Control or regulating systems in general,5,Physics,Instruments,Controlling
687,G05D,Systems for controlling or regulating non-electric variables ,5,Physics,Instruments,Controlling
688,G05F,Systems for regulating electric or magnetic variables ,5,Physics,Instruments,Controlling
689,G05G,Control devices or systems insofar as characterised by mechanical features only ,5,Physics,Instruments,Controlling
691,G06C,Digital computers in which all the computation is effected mechanically ,5,Physics,Instruments,Computing
692,G06D,Digital fluid-pressure computing devices,5,Physics,Instruments,Computing
693,G06E,Optical computing devices; ,5,Physics,Instruments,Computing
694,G06F,Electrical digital data processing ,5,Physics,Instruments,Computing
695,G06G,Analogue computers ,5,Physics,Instruments,Computing
696,G06J,Hybrid computing arrangements ,5,Physics,Instruments,Computing
697,G06K,Recognition of data,5,Physics,Instruments,Computing
698,G06M,Counting mechanisms,5,Physics,Instruments,Computing
699,G06N,Computer systems based on specific computational models,5,Physics,Instruments,Computing
700,G06Q,"Data processing systems or methods, specially adapted for administrative, commercial, financial, managerial, supervisory or forecasting purposes",5,Physics,Instruments,Computing
701,G06T,"Image data processing or generation, in general ",5,Physics,Instruments,Computing
703,G07B,Ticket-issuing apparatus,5,Physics,Instruments,Checking-devices
704,G07C,Time or attendance registers,5,Physics,Instruments,Checking-devices
705,G07D,"Handling of coins or of paper currency or similar valuable papers, e.g. testing, sorting by denominations, counting, dispensing, changing or depositing",5,Physics,Instruments,Checking-devices
706,G07F,Coin-freed or like apparatus ,5,Physics,Instruments,Checking-devices
707,G07G,"Registering the receipt of cash, valuables, or tokens ",5,Physics,Instruments,Checking-devices
709,G08B,Signalling or calling systems,5,Physics,Instruments,Signalling 
710,G08C,"Transmission systems for measured values, control or similar signals ",5,Physics,Instruments,Signalling 
711,G08G,Traffic control systems ,5,Physics,Instruments,Signalling 
713,G09B,Educational or demonstration appliances,5,Physics,Instruments,Education
714,G09C,Coding or ciphering apparatus for cryptographic or other purposes involving the need for secrecy ,5,Physics,Instruments,Education
715,G09D,Railway or like time or fare tables,5,Physics,Instruments,Education
716,G09F,Displaying,5,Physics,Instruments,Education
717,G09G,Arrangements or circuits for control of indicating devices using static means to present variable information ,5,Physics,Instruments,Education
719,G10B,Organs,5,Physics,Instruments,Musical instruments
720,G10C,"Pianos, harpsichords, spinets or similar stringed musical instruments with one or more keyboard ",5,Physics,Instruments,Musical instruments
721,G10D,Stringed musical instruments,5,Physics,Instruments,Musical instruments
722,G10F,Automatic musical instruments ,5,Physics,Instruments,Musical instruments
723,G10G,Aids for music ,5,Physics,Instruments,Musical instruments
724,G10H,Electrophonic musical instruments ,5,Physics,Instruments,Musical instruments
725,G10K,Sound-producing devices ,5,Physics,Instruments,Musical instruments
726,G10L,Speech analysis or synthesis,5,Physics,Instruments,Musical instruments
728,G11B,Information storage based on relative movement between record carrier and transducer ,5,Physics,Instruments,Information storage
729,G11C,Static stores ,5,Physics,Instruments,Information storage
731,G12B,"Constructional details of instruments, or comparable details of other apparatus, not otherwise provided for",5,Physics,Instruments,Instrument details
734,G21B,Fusion reactors ,5,Physics,Nucleonics,Nuclear physics
735,G21C,Nuclear reactors ,5,Physics,Nucleonics,Nuclear physics
736,G21D,Nuclear power plant ,5,Physics,Nucleonics,Nuclear physics
737,G21F,"Protection against x-radiation, gamma radiation, corpuscular radiation or particle bombardment",5,Physics,Nucleonics,Nuclear physics
738,G21G,Conversion of chemical elements,5,Physics,Nucleonics,Nuclear physics
739,G21H,Obtaining energy from radioactive sources,5,Physics,Nucleonics,Nuclear physics
740,G21J,Nuclear explosives,5,Physics,Nucleonics,Nuclear physics
741,G21K,Techniques for handling particles or ionising radiation not otherwise provided for,5,Physics,Nucleonics,Nuclear physics
742,G21Y,"Indexing scheme relating to nuclear reactors, power plants and explosives, to protection against radiation, to the treatment of radioactively contaminated material, to applications of radioactive sources and to the utilisation of cosmic radiation",5,Physics,Nucleonics,Nuclear physics
745,H01B,Cables,5,Electricity,Electricity,Basic electric elements
746,H01C,Resistors,5,Electricity,Electricity,Basic electric elements
747,H01F,Magnets,5,Electricity,Electricity,Basic electric elements
748,H01G,Capacitors,5,Electricity,Electricity,Basic electric elements
749,H01H,Electric switches,5,Electricity,Electricity,Basic electric elements
750,H01J,Electric discharge tubes or discharge lamps ,5,Electricity,Electricity,Basic electric elements
751,H01K,Electric incandescent lamps ,5,Electricity,Electricity,Basic electric elements
752,H01L,Semiconductor devices,5,Electricity,Electricity,Basic electric elements
753,H01M,"Processes or means, e.g. batteries, for the direct conversion of chemical into electrical energy ",5,Electricity,Electricity,Basic electric elements
754,H01P,Waveguides,5,Electricity,Electricity,Basic electric elements
755,H01Q,Aerials ,5,Electricity,Electricity,Basic electric elements
756,H01R,Line connectors,5,Electricity,Electricity,Basic electric elements
757,H01S,Devices using stimulated emission,5,Electricity,Electricity,Basic electric elements
758,H01T,Spark gaps,5,Electricity,Electricity,Basic electric elements
760,H02B,"Boards, substations, or switching arrangements for the supply or distribution of electric power ",5,Electricity,Electricity,Generation
761,H02G,"Installation of electric cables or lines, or of combined optical and electric cables or lines ",5,Electricity,Electricity,Generation
762,H02H,Emergency protective circuit arrangements ,5,Electricity,Electricity,Generation
763,H02J,Circuit arrangements or systems for supplying or distributing electric power,5,Electricity,Electricity,Generation
764,H02K,Dynamo-electric machines ,5,Electricity,Electricity,Generation
765,H02M,"Apparatus for conversion between ac and ac, between ac and dc, or between dc and dc, and for use with mains or similar power supply systems",5,Electricity,Electricity,Generation
766,H02N,Electric machines not otherwise provided for,5,Electricity,Electricity,Generation
767,H02P,"Control or regulation of electric motors, electric generators or dynamo-electric converters",5,Electricity,Electricity,Generation
768,H02S,"Generation of electric power by conversion of infra-red radiation, visible light or ultraviolet light, e.g. using photovoltaic [pv] modules ",5,Electricity,Electricity,Generation
770,H03B,"Generation of oscillations, directly or by frequency-changing, by circuits employing active elements which operate in a non-switching manner",5,Electricity,Electricity,Basic electronic circuitry
771,H03C,Modulation ,5,Electricity,Electricity,Basic electronic circuitry
772,H03D,Demodulation or transference of modulation from one carrier to another ,5,Electricity,Electricity,Basic electronic circuitry
773,H03F,Amplifiers ,5,Electricity,Electricity,Basic electronic circuitry
774,H03G,Control of amplification ,5,Electricity,Electricity,Basic electronic circuitry
775,H03H,"Impedance networks, e.g. resonant circuits",5,Electricity,Electricity,Basic electronic circuitry
776,H03J,Tuning resonant circuits,5,Electricity,Electricity,Basic electronic circuitry
777,H03K,Pulse technique ,5,Electricity,Electricity,Basic electronic circuitry
778,H03L,"Automatic control, starting, synchronisation, or stabilisation of generators of electronic oscillations or pulses ",5,Electricity,Electricity,Basic electronic circuitry
779,H03M,Coding,5,Electricity,Electricity,Basic electronic circuitry
781,H04B,Transmission ,5,Electricity,Electricity,Electric communication technique
782,H04H,Broadcast communication ,5,Electricity,Electricity,Electric communication technique
783,H04J,Multiplex communication ,5,Electricity,Electricity,Electric communication technique
784,H04K,Secret communication,5,Electricity,Electricity,Electric communication technique
785,H04L,"Transmission of digital information, e.g. telegraphic communication ",5,Electricity,Electricity,Electric communication technique
786,H04M,Telephonic communication ,5,Electricity,Electricity,Electric communication technique
787,H04N,"Pictorial communication, e.g. television ",5,Electricity,Electricity,Electric communication technique
788,H04Q,Selecting ,5,Electricity,Electricity,Electric communication technique
789,H04R,"Loudspeakers, microphones, gramophone pick-ups or like acoustic electromechanical transducers",5,Electricity,Electricity,Electric communication technique
790,H04S,Stereophonic systems ,5,Electricity,Electricity,Electric communication technique
791,H04T,Indexing scheme relating to standards for electric communication technique ,5,Electricity,Electricity,Electric communication technique
792,H04W,Wireless communications networks ,5,Electricity,Electricity,Electric communication technique
794,H05B,Electric heating,5,Electricity,Electricity,Electric techniques not otherwise provided for
795,H05C,"Electric circuits or apparatus specially designed for use in equipment for killing, stunning, or guiding living beings ",5,Electricity,Electricity,Electric techniques not otherwise provided for
796,H05F,Static electricity,5,Electricity,Electricity,Electric techniques not otherwise provided for
797,H05G,X-ray technique ,5,Electricity,Electricity,Electric techniques not otherwise provided for
798,H05H,Plasma technique ,5,Electricity,Electricity,Electric techniques not otherwise provided for
799,H05K,Printed circuits,5,Electricity,Electricity,Electric techniques not otherwise provided for
802,Y02B,"Indexing scheme relating to climate change mitigation technologies related to buildings, e.g. including housing and appliances or related end-user applications",5,General tagging of new technological developments,General tagging of new technological developments,Technologies or applications for mitigation or adaptation against climate change
803,Y02C,"Capture, storage, sequestration or disposal of greenhouse gases [ghg]",5,General tagging of new technological developments,General tagging of new technological developments,Technologies or applications for mitigation or adaptation against climate change
804,Y02E,"Reduction of greenhouse gases [ghg] emission, related to energy generation, transmission or distribution",5,General tagging of new technological developments,General tagging of new technological developments,Technologies or applications for mitigation or adaptation against climate change
805,Y02T,Climate change mitigation technologies related to transportation,5,General tagging of new technological developments,General tagging of new technological developments,Technologies or applications for mitigation or adaptation against climate change
807,Y04S,"Systems integrating technologies related to power network operation, communication or information technologies for improving the electrical power generation, transmission, distribution, management or usage, i.e. smart grids",5,General tagging of new technological developments,General tagging of new technological developments,Information or communication technologies having an impact on other technology areas
809,Y10S,Technical subjects covered by former uspc cross-reference art collections [xracs] and digests,5,General tagging of new technological developments,General tagging of new technological developments,Technical subjects covered by former uspc
810,Y10T,Technical subjects covered by former us classification,5,General tagging of new technological developments,General tagging of new technological developments,Technical subjects covered by former uspc
